created_at,text
Mon Mar 09 21:32:37 +0000 2020,I just published How to extract data from a search engine through python and selenium https://t.co/OwH5d81Hf9
Sat Feb 29 15:41:22 +0000 2020,I just published How to quickly build an ordered multi stacked bar in Google Spreadsheets https://t.co/FQkKlKSl6M
Fri Feb 28 11:25:37 +0000 2020,The death of Semantic Web? Or new challenges? https://t.co/8mxtfQa1t2
Thu Feb 27 14:30:33 +0000 2020,"How to design a data journalism story
https://t.co/rOtGJDqKpH"
Wed Apr 26 17:55:01 +0000 2017,Open Refine: https://t.co/GnQMsMFzb2 tramite @YouTube
Wed Mar 15 16:05:09 +0000 2017,Phpmyadmin: https://t.co/LaR4ZPi76V tramite @YouTube
Mon Mar 13 10:13:49 +0000 2017,WeME: https://t.co/JXdfP27ZxK tramite @YouTube
Thu Feb 23 11:19:45 +0000 2017,GoogleRefine How to link dataset to external sources: https://t.co/RH1lhN51Sx tramite @YouTube
Thu Feb 16 22:16:34 +0000 2017,Pubby: https://t.co/1yOKkVssyq tramite @YouTube
Thu Feb 16 21:49:49 +0000 2017,GraphDB: https://t.co/Nqs4Zr4Wg4 tramite @YouTube
Wed Feb 15 22:14:52 +0000 2017,How to build a RDF dataset in Protégé: https://t.co/1ARMTYYEzy tramite @YouTube
Mon Nov 28 21:23:40 +0000 2016,L'uomo che dribblava i treni: recensione https://t.co/KdswRaRsJc via @NewsLpl
Sat Aug 20 21:39:50 +0000 2016,Il Dio sconosciuto: una recensione del nuovo libro di Rocco Quaglia https://t.co/VpMm4tFRdd via @NewsLpl
Tue Jun 28 09:57:08 +0000 2016,https://t.co/dkYoN2RRLs
Mon May 30 19:06:10 +0000 2016,"RT @Pontifex_it: Siamo custodi, non padroni di questa terra, e ciascuno ha una personale responsabilità nel custodire il creato, prezioso d…"
Mon May 30 19:05:48 +0000 2016,Ci sarà mai un Windows Surface Phone? https://t.co/d6SaUadWEe
Thu May 12 10:19:46 +0000 2016,iPhone 7: ecco gli ultimi rumors dalla rete https://t.co/ws4sjNafda
Tue Oct 21 14:22:08 +0000 2014,#iswc2014 demo 106: Tourpedia!!!
Thu May 29 08:56:48 +0000 2014,RT @pdepoet: #LREC2014 tweet your opinion on session using hash+session-id for lrec mood map: http://t.co/zioISP0CH4
Wed May 28 10:20:58 +0000 2014,RT @Tzawa: Please tweet with hash tag #LREC2014 !
